,comment,like,time,title_list
0,뉴동누 뉴동누… 발음이 좀 어렵나..??,89,2 days ago,전설적인 걸그룹과 기적의 뉴욕동반여행 [미국 6]
1,주변에 꿈의집 하는사람 누나밖에 없어요... 인생갓겜인 메이플로 갈아타시죠ㅋ,8,2 days ago,전설적인 걸그룹과 기적의 뉴욕동반여행 [미국 6]
2,⁠ @MINGOY_YAMAN  메이플도 비슷함ㅠ,3,2 days ago,전설적인 걸그룹과 기적의 뉴욕동반여행 [미국 6]
3, @_ladybug0 갓겜입니다만,3,2 days ago,전설적인 걸그룹과 기적의 뉴욕동반여행 [미국 6]
4, @MINGOY_YAMAN  꿈의집 하는 양쪽 팬 추가요!,1,2 days ago,전설적인 걸그룹과 기적의 뉴욕동반여행 [미국 6]
5,갓겜 꿈의집,1,2 days ago,전설적인 걸그룹과 기적의 뉴욕동반여행 [미국 6]
6,대박 누군가했는데 유돈 노미 셔럽 보이 레전드,2,1 day ago,전설적인 걸그룹과 기적의 뉴욕동반여행 [미국 6]
7,누나도 떨하시나보네 ㅎㅎ,3,1 day ago,전설적인 걸그룹과 기적의 뉴욕동반여행 [미국 6]
8,무슨 동네 누나가 1군 걸그룹 멤버임 ㅋㅋㅋ 비현실적이잖아,2,20 hours ago,전설적인 걸그룹과 기적의 뉴욕동반여행 [미국 6]
9,미스에이 민님 오랜만입니다. 한국에는 아직도 그때를 추억하는 팬들이 많아요^^오랜만에봐서 좋았네요~,15,1 day ago,전설적인 걸그룹과 기적의 뉴욕동반여행 [미국 6]
10,한국에서 연예인할 때보다 훨씬 행복해 보이네요. 보기 좋네요. 앞으로도 행복한 뉴욕생활 보내시길.,108,3 days ago,전설적인 걸그룹과 기적의 뉴욕동반여행 [미국 6]
11,미쓰에이 민의 최근 소식이 담겨있는 이번영상은 너무 귀하고 재미있어서 몇번이고 돌려보았답니다한국의 스타 아이돌 민의 최근모습에 또 한번 놀랬습니다미국에서 지하철타고 다니며 검소한 생활을 하고 직접요리 하는듯한 모습과 야만동생과의 일상에서 꾸밈없이 소탈한 민의 모습이 담겨있는 이번영상은 너무나 뜻밖이여서 놀라울 따름입니다야만을 통해 다시 느낀 민,41,2 days ago (edited),전설적인 걸그룹과 기적의 뉴욕동반여행 [미국 6]
12,미스에이 민 너무 건강한 에너지가 느껴져서너무 보기좋네요~!  응원합니당,108,3 days ago (edited),전설적인 걸그룹과 기적의 뉴욕동반여행 [미국 6]
13,미쓰에이,0,3 days ago,전설적인 걸그룹과 기적의 뉴욕동반여행 [미국 6]
14,아이고 감사합니다ㅠ 바로 수정했습니다!,0,3 days ago,전설적인 걸그룹과 기적의 뉴욕동반여행 [미국 6]
15,의외의 대박 인맥이네요. 요가 스튜디오 관리자가 뜬거면  누군가 회원이 컴플레인 했을 가능성이 크죠. 주짓수 같은 몸부대끼는 격투기는 진짜 힘들죠. 오늘 기억에 남는건 민님과 브리또네요. 오늘도 재미있게 봤습니다.,81,3 days ago,전설적인 걸그룹과 기적의 뉴욕동반여행 [미국 6]
16,뉴동누 민누나 여전히 예쁘고 에너지넘치시네 너무 반가웠구 재밌었음 ^^,58,3 days ago,전설적인 걸그룹과 기적의 뉴욕동반여행 [미국 6]
17,2022년 9월? 민고이님 시간여행 폼 미쳤다+재빠르게 수정완료ㅎㅎㅎ,77,3 days ago (edited),전설적인 걸그룹과 기적의 뉴욕동반여행 [미국 6]
18,민고이 영상 특. 반드시 촬영 날짜를 체크해야함~~ 등장하는 영상들을 볼떄마다 시공을 초월함~,46,3 days ago (edited),전설적인 걸그룹과 기적의 뉴욕동반여행 [미국 6]
19,민 수수하고 청순하고 넘나 귀엽당,11,2 days ago,전설적인 걸그룹과 기적의 뉴욕동반여행 [미국 6]
20,민고이님의 시간은 거꾸로간다 이래도 좋고 저래도 좋으네요! 오늘도 재밌게 보겠습니다!,7,3 days ago,전설적인 걸그룹과 기적의 뉴욕동반여행 [미국 6]
21,띠용- 어떤 인연이지 ㄷㄷㄷ민님 오랜만에 보니 반갑고 행복하게 지내시는거같아서 보기 좋아요 ㅎㅎ,20,3 days ago,전설적인 걸그룹과 기적의 뉴욕동반여행 [미국 6]
22,민고이 시간여행자 세계관ㅎㅎㅎ 한결같고 넘 좋아요~수염이 빨리 자란지 알았더니,97,3 days ago,전설적인 걸그룹과 기적의 뉴욕동반여행 [미국 6]
23,며칠전 사직체육관 롤드컵4강전 관람하고 뉴욕간거죠?,2,3 days ago,전설적인 걸그룹과 기적의 뉴욕동반여행 [미국 6]
24, @shsue8921 예전 미국영상 이제 올리는것 같아요.,0,2 days ago,전설적인 걸그룹과 기적의 뉴욕동반여행 [미국 6]
25,와 민고이 뉴스에 유튭채널 인용해서 기사도 나고 성공했다이 ! 이틈을 타서 민고이 채널 한번씩 보십셔 바로 입덕해서 모든 영상 정주행 합니다,3,2 days ago (edited),전설적인 걸그룹과 기적의 뉴욕동반여행 [미국 6]
26,와.. 미쓰에이 데뷔날에 입대날이라 아직도 기억에 강렬하게 남는데 뉴동누라니..ㅎ,60,3 days ago (edited),전설적인 걸그룹과 기적의 뉴욕동반여행 [미국 6]
27,진짜 잼있는데 빨리 구독자 승승장구 하셔서 좋은여행 많이 하시면 좋겠습니다,4,3 days ago,전설적인 걸그룹과 기적의 뉴욕동반여행 [미국 6]
28,곽튜브 - 잰잰바리 - 민고이로 이어지는 곽컴퍼니 영상 릴레이 너무 좋구요!미스에이 민님~ 너무 오랜만이예요. 솔직히 미스에이 시절땐 수지를 젤 좋아했지만ㅋ,16,3 days ago (edited),전설적인 걸그룹과 기적의 뉴욕동반여행 [미국 6]
29,민 님 힘들어서 물 마실 때 귀여우셔요 ㅎㅎㅎ민 남매 운동일기 재밌게 봤습니다 :),36,3 days ago,전설적인 걸그룹과 기적의 뉴욕동반여행 [미국 6]
30,운전하면서 틀어놓다가 너무 보고싶어 다시 봄,1,1 day ago,전설적인 걸그룹과 기적의 뉴욕동반여행 [미국 6]
31,"미스에이 민을 여기서 보게될줄이야,,, 어떻게 친해지신건지 궁금해용 너무 신기하고 반갑네여",58,3 days ago,전설적인 걸그룹과 기적의 뉴욕동반여행 [미국 6]
32,요즘 재밌게 보고 있는 kbs 예능 골든걸스에서 다음주 미스에이 노래한다고 해서 민님 뭐하는지 궁금했는데 뉴욕에서 잘 살고 계셨군요,18,3 days ago,전설적인 걸그룹과 기적의 뉴욕동반여행 [미국 6]
33,그 시절 미스에이는 전설이었지.. 너무 반갑네요 민님 ,39,3 days ago,전설적인 걸그룹과 기적의 뉴욕동반여행 [미국 6]
34,민고이 어떻게 알게됐는지어떻게 친해졌는지 설명부터 해야지 ㅋㅋ,160,3 days ago,전설적인 걸그룹과 기적의 뉴욕동반여행 [미국 6]
35,진짜 민고이 머하냐~,5,3 days ago,전설적인 걸그룹과 기적의 뉴욕동반여행 [미국 6]
36,진짜 민고이 존나 답답하네 ㅋㅋㅋㅋㅋㅋㅋ,8,3 days ago,전설적인 걸그룹과 기적의 뉴욕동반여행 [미국 6]
37,ㅋㅋㅋㅋㅋㅋㅋㅋ민고이 머찍었눜ㅋㅋㅋㅋㅋㅋㅋㅋㅋ,0,2 days ago,전설적인 걸그룹과 기적의 뉴욕동반여행 [미국 6]
38,ㅋ ㅋ ㅋ 제일 궁금한걸 안 알랴줌 ㅋ ㅋ ㅋ ㅋ,2,2 days ago,전설적인 걸그룹과 기적의 뉴욕동반여행 [미국 6]
39,네 알려드렸습니다~ @onething000 ,0,2 days ago,전설적인 걸그룹과 기적의 뉴욕동반여행 [미국 6]
40,ㅋㅋㄹㅇ,0,2 days ago,전설적인 걸그룹과 기적의 뉴욕동반여행 [미국 6]
41,ㄹㅇㅋㅋ,0,2 days ago,전설적인 걸그룹과 기적의 뉴욕동반여행 [미국 6]
42,이건 무슨조합이죠ㅋㅋㅋㅋㅋ 민님 어떻게 알게 된건지 궁금해요!!,74,3 days ago,전설적인 걸그룹과 기적의 뉴욕동반여행 [미국 6]
43,민고이는 어디에나 있고 어디에도 없다,72,3 days ago,전설적인 걸그룹과 기적의 뉴욕동반여행 [미국 6]
44,민고이 만물설,0,3 days ago,전설적인 걸그룹과 기적의 뉴욕동반여행 [미국 6]
45,요깃다,0,2 days ago,전설적인 걸그룹과 기적의 뉴욕동반여행 [미국 6]
46,와 미쓰에이 민이 나오다니...대박 뉴욕에서 행복하세요!!,0,3 days ago,전설적인 걸그룹과 기적의 뉴욕동반여행 [미국 6]
47,아니 무인도에서 장작 때면서 살 것 같은 야만의 동네누나가 미쓰에이 민이라니 ㅎㄷㄷ,4,3 days ago,전설적인 걸그룹과 기적의 뉴욕동반여행 [미국 6]
48,진짜대박인데요 !!^^  맛좋은산이 때 피쳐링이 대박이였는데^^,3,1 day ago,전설적인 걸그룹과 기적의 뉴욕동반여행 [미국 6]
49,민고이 순수해보여서 좋음..,13,3 days ago,전설적인 걸그룹과 기적의 뉴욕동반여행 [미국 6]
50,인급동 36  며칠전엔 잰잰님이 인급동 찍으시더니 대단,1,1 day ago,전설적인 걸그룹과 기적의 뉴욕동반여행 [미국 6]
51,민씨 너무 오래간만에 이렇게 생각지도 못하게 뵈니까 참 반갑습니다.,41,3 days ago,전설적인 걸그룹과 기적의 뉴욕동반여행 [미국 6]
52,민고이는 예측불가능 낼 우즈벡영상 올라와도 놀라지들마셔요,1,3 days ago,전설적인 걸그룹과 기적의 뉴욕동반여행 [미국 6]
53,처음에 몰랐는데 미쓰에이 민님이라고해서 알아봤네요~타지에서도 건강하게 잘 지내세요~~~,2,3 days ago,전설적인 걸그룹과 기적의 뉴욕동반여행 [미국 6]
54,타코 너무 맛있어 보어요~ 저도 한번 뉴욕 길거리에서 뵜으면 여한이없겠어요 <민>곤이 화이팅!,2,5 hours ago (edited),전설적인 걸그룹과 기적의 뉴욕동반여행 [미국 6]
55,미쓰에이 민을 민고이 채널에서 볼줄은 상상도 못했네 ㅋㅋㅋ 민님 행복하게 잘 살고 계시는구나,6,3 days ago,전설적인 걸그룹과 기적의 뉴욕동반여행 [미국 6]
56,옛냘에 할로윈 때 민님 귀신분장한 거 본 적 있는데. 미쓰에이 민님이라니 대단한 인맥,1,3 days ago,전설적인 걸그룹과 기적의 뉴욕동반여행 [미국 6]
57,와 민 진짜 오랜만이다 ... 행복해 보여서 좋네요️,0,3 days ago,전설적인 걸그룹과 기적의 뉴욕동반여행 [미국 6]
58,민 왜케 귀엽냐 ㅋㅋㅋㅋㅋㅋㅋ,4,3 days ago,전설적인 걸그룹과 기적의 뉴욕동반여행 [미국 6]
59,아오 야만님요가 하심서 괴로워 하는 모습을 봐야 했는데ㅋㅋ저두 얼마전부터 요가 시작했는데 몸이 워낙 뻣뻣하다보니 강사님 따라 하다보면 아파서 땀이 어찌나 나나 몰라요주짓수는 유도 레슬링이랑 비슷한듯요,5,3 days ago,전설적인 걸그룹과 기적의 뉴욕동반여행 [미국 6]
60,아니 민님은 어떻게 알게된건지 간단하게나마 비하인드를 알려주셔야죵  궁금해욧!!,5,3 days ago,전설적인 걸그룹과 기적의 뉴욕동반여행 [미국 6]
61,동상 저 부분만 닳은거 겁나 웃기네 ㅋㅋ   뉴욕 동네 누나 너무 귀엽네요 ,2,3 days ago,전설적인 걸그룹과 기적의 뉴욕동반여행 [미국 6]
62,민 왜케 표정이 귀엽지 ㅋㅋㅋ  멍~ ㅋㅋ,3,3 days ago,전설적인 걸그룹과 기적의 뉴욕동반여행 [미국 6]
63,민고이 고츄 자랑 폼 미쳤다..,2,2 days ago,전설적인 걸그룹과 기적의 뉴욕동반여행 [미국 6]
64,민고이 멀티버스 미쳤다 ㅋㅋㅋㅋ,2,1 day ago,전설적인 걸그룹과 기적의 뉴욕동반여행 [미국 6]
65,민고이~~~뉴욕서 잼나게 즐기네요 시간될때 맘껏행복을 누리세요ㅎㅎ,5,3 days ago,전설적인 걸그룹과 기적의 뉴욕동반여행 [미국 6]
66,곽 유니버스 민고이 타임슬립 폼 미쳐따 🫰,8,3 days ago,전설적인 걸그룹과 기적의 뉴욕동반여행 [미국 6]
67,미쓰에이 민을 친구로둔 당신은 대체....,12,3 days ago,전설적인 걸그룹과 기적의 뉴욕동반여행 [미국 6]
68,민누나~~~~~,3,11 hours ago,전설적인 걸그룹과 기적의 뉴욕동반여행 [미국 6]
69,썸네일은 미쳐 못보구서 보다가미쓰에이 민 넘 닮았다했더니 진짜 민님였네 ㅋ뉴동누아니라 뉴동동이래도 놀랍지 않게 동안이시네요뉴요커의 삶 맘껏 즐기시길~,3,2 days ago,전설적인 걸그룹과 기적의 뉴욕동반여행 [미국 6]
70,와~민고이 대박~여기서 미쓰에이 민을 보다니~좀만 더보면 수지도 볼수 있겠당 ㅎㅎ,8,3 days ago,전설적인 걸그룹과 기적의 뉴욕동반여행 [미국 6]
71,오잉... 미스에이 민 엄청 오랜만이네요ㅋㅋㅋㅋ 민고이님 진짜 마당발이시네,29,3 days ago,전설적인 걸그룹과 기적의 뉴욕동반여행 [미국 6]
72,민과 민의 만남이라니.. 두 분 어떻게 알게된겁니까 ㅎㅎ,14,3 days ago,전설적인 걸그룹과 기적의 뉴욕동반여행 [미국 6]
73,민이 여전히 귀엽네 ㅎㅎ,1,2 days ago,전설적인 걸그룹과 기적의 뉴욕동반여행 [미국 6]
74,K팝스타 에서 잠깐보고 그뒤로 못봤는데 ㅎㅎ 반갑네요 민고이 의외의 인맥,3,3 days ago,전설적인 걸그룹과 기적의 뉴욕동반여행 [미국 6]
75,민님  넘 귀여워지셨다 ㅎㅎ,2,1 day ago,전설적인 걸그룹과 기적의 뉴욕동반여행 [미국 6]
76,"밝고 행복해 보이셔서....너무 보기 좋네요...늘 행복하세요, 민님",1,2 days ago (edited),전설적인 걸그룹과 기적의 뉴욕동반여행 [미국 6]
77,민님 여전히 아름다워요 행복하세요 ,2,2 days ago,전설적인 걸그룹과 기적의 뉴욕동반여행 [미국 6]
78,자자~ 뉴욕생활 처음으로 찬성하는 1인!!ㅎ동친누!!,0,2 days ago,전설적인 걸그룹과 기적의 뉴욕동반여행 [미국 6]
79,실시간 맘아픈 잰잰바리면 개추,59,3 days ago,전설적인 걸그룹과 기적의 뉴욕동반여행 [미국 6]
80,망상 노,2,3 days ago,전설적인 걸그룹과 기적의 뉴욕동반여행 [미국 6]
81,나 잰잰바린데 비추 눌렀다 벅벅,2,3 days ago,전설적인 걸그룹과 기적의 뉴욕동반여행 [미국 6]
82,"이걸 보고 있을 우리 곽튜브 형 리액션이 상상이 감,,",14,3 days ago,전설적인 걸그룹과 기적의 뉴욕동반여행 [미국 6]
83,여전히 이쁘시다...민님제 학창시절과 20초시절을 꽉채워주신분!!!!ㅠㅠ,1,2 days ago,전설적인 걸그룹과 기적의 뉴욕동반여행 [미국 6]
84,오랜만에 보니깐 반갑네요 뉴욕가서 마주치면 싸인 해주시겠죠?? ㅎㅎ뉴욕생활 화이팅입니다 !!,1,1 day ago,전설적인 걸그룹과 기적의 뉴욕동반여행 [미국 6]
85,대박 민이 나오냐 여전히 귀엽네,2,2 days ago,전설적인 걸그룹과 기적의 뉴욕동반여행 [미국 6]
86,티셔츠 뒤에 식물이 어디서 본건가 했는데 대마네요. ㅎㅎㅎ현실판 이두나인데 로맨스 제로에 너무 현실적임 ㅎㅎㅎ,4,3 days ago (edited),전설적인 걸그룹과 기적의 뉴욕동반여행 [미국 6]
87,오와~ 민아씨 이렇게 잘 지내시고계신거 야만님 영상으로 보네요ㅎㅎ 근황 궁금해요ㅎㅎ,0,2 days ago,전설적인 걸그룹과 기적의 뉴욕동반여행 [미국 6]
88,항상 같은날 영상 올리는 잰잰고니,1,3 days ago,전설적인 걸그룹과 기적의 뉴욕동반여행 [미국 6]
89,민 여전히 이쁘당 귀엽구 ㅋㅋㅋㅋ 세상에 형 채널에서볼줄이양,1,2 days ago,전설적인 걸그룹과 기적의 뉴욕동반여행 [미국 6]
90,민 여전히 귀엽고 민고이 머꼬 인맥,7,3 days ago,전설적인 걸그룹과 기적의 뉴욕동반여행 [미국 6]
91,영상서두에 어떻게 알게됐고 하는 부분을 조금이라도 설명해주셨음 더 좋았을텐데요.. ,9,3 days ago,전설적인 걸그룹과 기적의 뉴욕동반여행 [미국 6]
92,나도 저렇게 이쁘고 좋은 동네 누나 있었음 좋겠다..,11,3 days ago,전설적인 걸그룹과 기적의 뉴욕동반여행 [미국 6]
93,민! 반가워요 ㅠㅠ 그시절 그립다,3,1 day ago,전설적인 걸그룹과 기적의 뉴욕동반여행 [미국 6]
94,곽튜브 식구들은 그냥 영상이 보기 편해서 좋아! 근데 잰잰바리님과는 언제 결혼하는가? ㅋㅋㅋㅋㅋ,8,3 days ago,전설적인 걸그룹과 기적의 뉴욕동반여행 [미국 6]
95,"재밌게 다니시네요...밤거리가 더 좋네요...맛있는 타코 드시고...즐거운 여행도 하시고...구~독,좋아요!!!  끝까지 시청은 행복입니다.  ^.^",1,2 days ago,전설적인 걸그룹과 기적의 뉴욕동반여행 [미국 6]
96,진짜 귀엽게 생기셨음 ㅋㅋ 통통,2,15 hours ago,전설적인 걸그룹과 기적의 뉴욕동반여행 [미국 6]
97,스토리에 올렸던 그 전설적인 걸그룹... 얌만형 이젠 진짜 세금내,7,3 days ago,전설적인 걸그룹과 기적의 뉴욕동반여행 [미국 6]
98,와 미스에이 민님의 근황을민고이유튜브에서 확인하다니...귀한 영상이네요,2,3 days ago,전설적인 걸그룹과 기적의 뉴욕동반여행 [미국 6]
99,항상 잘보고 있습니다 더 자주보고싶습니다 ㅎ,3,3 days ago (edited),전설적인 걸그룹과 기적의 뉴욕동반여행 [미국 6]
100,역시 평행세계폼 미쵸따 ㅋㅋㅋㅋㅋㅋㅋㅋ,2,3 days ago,전설적인 걸그룹과 기적의 뉴욕동반여행 [미국 6]
101,민을 이렇게 설명도 없이 뜬금 등장시켜버리누,0,2 days ago,전설적인 걸그룹과 기적의 뉴욕동반여행 [미국 6]
102,민님 왤케 애기야 누나 맞냐고 ,2,3 days ago,전설적인 걸그룹과 기적의 뉴욕동반여행 [미국 6]
103,민님 진짜 귀엽당! ㅎㅎ,1,3 days ago,전설적인 걸그룹과 기적의 뉴욕동반여행 [미국 6]
104,민 티가 420인게 웃음포인트네 ㅋㅋㅋㅋㅋㅋㅋㅋㅋㅋㅋ,7,3 days ago,전설적인 걸그룹과 기적의 뉴욕동반여행 [미국 6]
105,대마한다고 광고하는거임?,4,3 days ago,전설적인 걸그룹과 기적의 뉴욕동반여행 [미국 6]
106,민+민=즐영^^~♡♡,3,3 days ago,전설적인 걸그룹과 기적의 뉴욕동반여행 [미국 6]
107,미스에이 그리윘는데 반갑네요. 자주봤으면 좋겠어요,0,2 days ago,전설적인 걸그룹과 기적의 뉴욕동반여행 [미국 6]
108,미쓰에이 민님 뉴.동.누 대박 ,1,2 days ago,전설적인 걸그룹과 기적의 뉴욕동반여행 [미국 6]
109,이 분의 실체는 무엇일까요?평행 세계에 존재하는 허상일까요?어디에도 존재하는 신같은 존재,3,3 days ago,전설적인 걸그룹과 기적의 뉴욕동반여행 [미국 6]
110,민고이 그의 인맥은 대체..,0,2 days ago,전설적인 걸그룹과 기적의 뉴욕동반여행 [미국 6]
111,겨울 한국에서 보는 여름 미국 영상,0,2 days ago,전설적인 걸그룹과 기적의 뉴욕동반여행 [미국 6]
112,연예인 한두명 쯤은 가볍게 아는 인싸 야만...,4,2 days ago,전설적인 걸그룹과 기적의 뉴욕동반여행 [미국 6]
113,오랜만에 민님 보니까 좋네용 뜻하지 않은 만남 ㅋㅋ,5,3 days ago,전설적인 걸그룹과 기적의 뉴욕동반여행 [미국 6]
114,민고이 지인클라스 보소,0,3 days ago,전설적인 걸그룹과 기적의 뉴욕동반여행 [미국 6]
115,헐 대박!!! 미쓰에이 민이라니ㅠㅠㅠㅠㅠㅠㅠ,6,3 days ago,전설적인 걸그룹과 기적의 뉴욕동반여행 [미국 6]
116,"대박이다 ㅋㅋㅋ미쳤다,,,,,민님이라니,,,,소소한게 더신기해",3,3 days ago,전설적인 걸그룹과 기적의 뉴욕동반여행 [미국 6]
117,도대체 이건 무슨 인연이지 ㅋㅋㅋㅋㅋㅋㅋㅋㅋ,6,3 days ago,전설적인 걸그룹과 기적의 뉴욕동반여행 [미국 6]
118,민고이 주짓수 넘 멋지다.,3,3 days ago,전설적인 걸그룹과 기적의 뉴욕동반여행 [미국 6]
119,민님 너무 반가워요~~~,1,21 hours ago,전설적인 걸그룹과 기적의 뉴욕동반여행 [미국 6]
120,민고이 ㅋㅌㅋㅋㅋㅋㅋㅋㅋㅋㅋㅋ 진짜 도대체 어디있는거야 ….,3,3 days ago,전설적인 걸그룹과 기적의 뉴욕동반여행 [미국 6]
121,또 나만 늙지ㅜ 활동하실때랑 완전 존똑~,2,1 day ago,전설적인 걸그룹과 기적의 뉴욕동반여행 [미국 6]
122,유학생때 캠퍼스는 맨해튼 사는 곳은 퀸즈였는데... 뭐 대부분의 유학생들이 퀸즈에 살텐데...  예전 추억이 새록새록 떠오르네요...,0,2 days ago (edited),전설적인 걸그룹과 기적의 뉴욕동반여행 [미국 6]
123,둘이 근데 어케 친해진건지 설명좀 해주시지ㅋㅋㅋ,8,3 days ago,전설적인 걸그룹과 기적의 뉴욕동반여행 [미국 6]
124,저도 궁금하네용,0,3 days ago,전설적인 걸그룹과 기적의 뉴욕동반여행 [미국 6]
125,헐... 설마 했는데 그 미쓰에이 민이라고??!!! 대박... 민고이 뉴동누 부럽네여,9,3 days ago,전설적인 걸그룹과 기적의 뉴욕동반여행 [미국 6]
126,기다렸어요 오늘도 잘볼께요 ,1,3 days ago,전설적인 걸그룹과 기적의 뉴욕동반여행 [미국 6]
127,민고이님 채널에서 정말 반가운분을 만났네요!! 감사합니다,2,3 days ago,전설적인 걸그룹과 기적의 뉴욕동반여행 [미국 6]
128,420 요즘 같은 민감한 시기에 ㅋㅋ.  장점은 아무때나 서울에 없는 것을 할수있다,1,3 days ago,전설적인 걸그룹과 기적의 뉴욕동반여행 [미국 6]
129,아니 미스에이가 왜 나와 ㅋㅋㅋㅋㅋㅋㅋㅋ,7,3 days ago,전설적인 걸그룹과 기적의 뉴욕동반여행 [미국 6]
130,민곤이형님 몸에 gps달아놓고 구경하고싶네 도대체 어디에 있는거야 ㅋㅋ,11,3 days ago,전설적인 걸그룹과 기적의 뉴욕동반여행 [미국 6]
131,와우  민을  여기서 보다니   대박,1,2 days ago,전설적인 걸그룹과 기적의 뉴욕동반여행 [미국 6]
132,와 운동 영상 아쉽네요.... 미스에이 진짜 좋아했었는데 성격 좋은게 보이시네요!더 어려지신 것 같아요민님 뉴욕에서 무슨 일 하시는지 궁금해요.. 유튜브하시면 구독할텐데,1,2 days ago (edited),전설적인 걸그룹과 기적의 뉴욕동반여행 [미국 6]
133,둘이 귀엽넼ㅋㅋㅋㅋㅋㅋ,0,2 days ago,전설적인 걸그룹과 기적의 뉴욕동반여행 [미국 6]
134,미스에이 민님!!! 너무 반가워요️,2,2 days ago,전설적인 걸그룹과 기적의 뉴욕동반여행 [미국 6]
135,"민고이 햄,, 햄이 이렇게 행복하길 바라진않았어...",2,3 days ago (edited),전설적인 걸그룹과 기적의 뉴욕동반여행 [미국 6]
136,민님 너무 예쁘시네요 ㅠㅠ 미모가 너무 훌륭하세요. 유튜브 시작하면 너무 좋겠는데. 민님 너무 팬입니다 ㅠㅠㅠ,2,1 day ago,전설적인 걸그룹과 기적의 뉴욕동반여행 [미국 6]
137,도르마무 도르마무 시간여행을 하러와따아아아,2,3 days ago,전설적인 걸그룹과 기적의 뉴욕동반여행 [미국 6]
138,올만에 영상 꿀잼ㅋㅋ,1,1 day ago,전설적인 걸그룹과 기적의 뉴욕동반여행 [미국 6]
139,누나라고 하는게 웰케웃기냐.ㅋㅋㅋ,2,3 days ago,전설적인 걸그룹과 기적의 뉴욕동반여행 [미국 6]
140,오늘도 재밌게 잘 봤습니다 형님!!,2,3 days ago,전설적인 걸그룹과 기적의 뉴욕동반여행 [미국 6]
141,오늘도 감사합니다 악마님!!!,0,2 days ago,전설적인 걸그룹과 기적의 뉴욕동반여행 [미국 6]
142,"아니... 어디서 많이 봤다 싶었는데미스에이 민님 맞다고요? 뭐, 왜요민고이님 의외로 인맥이 넓으시네",4,3 days ago (edited),전설적인 걸그룹과 기적의 뉴욕동반여행 [미국 6]
143,민고이. 의외로 주변에 미인 많네,4,3 days ago,전설적인 걸그룹과 기적의 뉴욕동반여행 [미국 6]
144,오~민!보고싶었는데!그립다 미쓰에이~,2,3 days ago,전설적인 걸그룹과 기적의 뉴욕동반여행 [미국 6]
145,민고이 상남자다잉 ㅋㅋ,1,1 day ago,전설적인 걸그룹과 기적의 뉴욕동반여행 [미국 6]
146,22년 9월 ㄷㄷ 이 때 입대했으면 벌써 상병이겠네 형.....,4,3 days ago,전설적인 걸그룹과 기적의 뉴욕동반여행 [미국 6]
147,병장달았을시기지 요새는,1,3 days ago,전설적인 걸그룹과 기적의 뉴욕동반여행 [미국 6]
148,오늘 곽튜브가족들 영상 다 올라오네 다봐야징~~,6,3 days ago,전설적인 걸그룹과 기적의 뉴욕동반여행 [미국 6]
149,잠깐 맡아주는 친구 강아지가...민고이를 저렇게 반긴다..?? 어어???,13,3 days ago,전설적인 걸그룹과 기적의 뉴욕동반여행 [미국 6]
150,세상에...미쓰에이의 민이라니!!!,4,3 days ago,전설적인 걸그룹과 기적의 뉴욕동반여행 [미국 6]
151,잉 미쓰에이 민님이 왜 여기서 ㅋㅋ 어떤계기로 알게 된 사이인지 궁금하네요,8,3 days ago,전설적인 걸그룹과 기적의 뉴욕동반여행 [미국 6]
152,대박 아니 민곤님 모야모야 민님이랑 친하다니 신기방기,1,3 days ago,전설적인 걸그룹과 기적의 뉴욕동반여행 [미국 6]
153,민고이 인맥보소,2,3 days ago,전설적인 걸그룹과 기적의 뉴욕동반여행 [미국 6]
154,민 이지혜님 딸 태리 닮았네요?더 귀여워지셨어요,3,2 days ago,전설적인 걸그룹과 기적의 뉴욕동반여행 [미국 6]
155,정말 미쓰에이 민이네요,4,3 days ago,전설적인 걸그룹과 기적의 뉴욕동반여행 [미국 6]
156,ㅋㅋㅋㅋㅋㅋㅋ뉴동누 되게 정감가요!,1,2 days ago,전설적인 걸그룹과 기적의 뉴욕동반여행 [미국 6]
157,미스에이 때보다 훨씬 좋아보여요 진짜! 그리고 실례지만.. 둘이 닮았,1,2 days ago,전설적인 걸그룹과 기적의 뉴욕동반여행 [미국 6]
158,누군지 모르고 보다가 미쓰에이 민이라고 하니까 갑자기 얼굴 떠오름ㅋㅋㅋ,0,2 days ago,전설적인 걸그룹과 기적의 뉴욕동반여행 [미국 6]
159,신기한 인연이네요~,2,3 days ago,전설적인 걸그룹과 기적의 뉴욕동반여행 [미국 6]
160,어째만난기고 ㅋㅋㅋㅋㅋㅋㅋㅋ알고싶다고!!!!!,2,1 day ago,전설적인 걸그룹과 기적의 뉴욕동반여행 [미국 6]
161,"헐,, 민이자나...대박.!!!!!!!!!!!!!! 민고이!!!!!!!!!!! 인맥짱인교!",2,3 days ago,전설적인 걸그룹과 기적의 뉴욕동반여행 [미국 6]
162,대체 언제적꺼야 ㅋㅋㅋ 시공간이 으아아아ㅏㅏㅏㅏ 민님 오랜만이라 반갑네요 근데 민님이 누나야? 헐..,2,3 days ago,전설적인 걸그룹과 기적의 뉴욕동반여행 [미국 6]
163,헉 미스에이 민 닮았다 생각했는데 진짜였다니 ,3,3 days ago,전설적인 걸그룹과 기적의 뉴욕동반여행 [미국 6]
164,크 뉴욕 좋네요 진짜,7,3 days ago,전설적인 걸그룹과 기적의 뉴욕동반여행 [미국 6]
165,뉴욕~~~,0,2 days ago,전설적인 걸그룹과 기적의 뉴욕동반여행 [미국 6]
166,끝까지 어떻게 알게 된 사이인지는 나오지 않네요...ㅋㅋ,2,3 days ago,전설적인 걸그룹과 기적의 뉴욕동반여행 [미국 6]
167,오와 프리스타일 풋볼 게임에서 민님 캐릭터 썼었는데ㅋㅋㅋ,2,3 days ago,전설적인 걸그룹과 기적의 뉴욕동반여행 [미국 6]
168,민고이는 10만 언제넘노?실버버튼 받으면 딱 좋겠구만은..더 열심히 해야겠습니다,2,3 days ago,전설적인 걸그룹과 기적의 뉴욕동반여행 [미국 6]
169,옷 뒤에 떨스 데이가 개웃기넼ㅋㅋ,3,3 days ago,전설적인 걸그룹과 기적의 뉴욕동반여행 [미국 6]
170,와 드디어 민님 영상이올라오네 ㅋㅋ,3,3 days ago,전설적인 걸그룹과 기적의 뉴욕동반여행 [미국 6]
171,헉 아무생각없이 보면서 미쓰에이 민닮았다고 생각했는데..... 진짜 민이었네;;;;,2,1 day ago,전설적인 걸그룹과 기적의 뉴욕동반여행 [미국 6]
172,미스에이 민 ㄷㄷㄷ 추억이다,2,3 days ago,전설적인 걸그룹과 기적의 뉴욕동반여행 [미국 6]
173,4:10 우와 민님 진짜 오랜만이네요 !!,1,2 days ago,전설적인 걸그룹과 기적의 뉴욕동반여행 [미국 6]
174,눈나ㅏㅏㅏㅏㅏㅏㅏ!!!!와... 그래도 연예인은 확실히 연예인이다...이뻐이뻐...!!!,3,1 day ago,전설적인 걸그룹과 기적의 뉴욕동반여행 [미국 6]
175,역시 집과 여자는 늘 관리하고 꾸미기 나름이라는 말이 맞네,0,2 days ago (edited),전설적인 걸그룹과 기적의 뉴욕동반여행 [미국 6]
176,미쓰에이 진짜 찐팬이였는데민고이 다시 보인다,1,3 days ago,전설적인 걸그룹과 기적의 뉴욕동반여행 [미국 6]
177,민님을 민고이에서 보다니 ㅎㄷㄷㄷ,1,2 days ago (edited),전설적인 걸그룹과 기적의 뉴욕동반여행 [미국 6]
178,민님 420 티셔츠 입으셨넼ㅋㅋㅋㅋ,0,2 days ago,전설적인 걸그룹과 기적의 뉴욕동반여행 [미국 6]
179,뉴동누 커여웡~,2,3 days ago,전설적인 걸그룹과 기적의 뉴욕동반여행 [미국 6]
180,어떻게 만나게 됐는지 간략한 설명이 아쉬워요ㅠ,2,3 days ago,전설적인 걸그룹과 기적의 뉴욕동반여행 [미국 6]
181,야만행님 왜케잘생김 피부 좋으시네ㄹㅇ,2,3 days ago,전설적인 걸그룹과 기적의 뉴욕동반여행 [미국 6]
182,누님 첫 등장에 thugs day티를ㅋㅋㅋㅋㅋㅋㅋㅋㅋㅋㅋㅋㄱㅋㄱ,3,3 days ago,전설적인 걸그룹과 기적의 뉴욕동반여행 [미국 6]
183,"""민고이햄의 시간은 거꾸로 간다""",2,3 days ago,전설적인 걸그룹과 기적의 뉴욕동반여행 [미국 6]
184,오랜맘에 베드걸 굿걸 들어봐야겠다.,2,3 days ago,전설적인 걸그룹과 기적의 뉴욕동반여행 [미국 6]
185,민님도 유튜브시작해주세요 ,0,3 days ago,전설적인 걸그룹과 기적의 뉴욕동반여행 [미국 6]
186,잰잰 버리고 미쓰에이 민이라니 ..,5,3 days ago,전설적인 걸그룹과 기적의 뉴욕동반여행 [미국 6]
187,오 ~ 민님 너무 반가워요,1,3 days ago,전설적인 걸그룹과 기적의 뉴욕동반여행 [미국 6]
188,개부럽다..,0,2 days ago,전설적인 걸그룹과 기적의 뉴욕동반여행 [미국 6]
189,안녕하세요? 야만님. 수염 다시 기르시고 계시지요? 오늘 영상도 최고. 감사합니다.,1,3 days ago,전설적인 걸그룹과 기적의 뉴욕동반여행 [미국 6]
190,와... 동안... 1도 안변했네...,2,3 days ago,전설적인 걸그룹과 기적의 뉴욕동반여행 [미국 6]
191,고추자랑ㅋㅋㅋㅋㅋ두분 찐 남매 같네요^^,0,2 days ago,전설적인 걸그룹과 기적의 뉴욕동반여행 [미국 6]
192,평행세계ㄷㄷ,4,3 days ago,전설적인 걸그룹과 기적의 뉴욕동반여행 [미국 6]
193,이야~ 오랜만에 보니 반갑구만,0,3 days ago,전설적인 걸그룹과 기적의 뉴욕동반여행 [미국 6]
194,,0,2 days ago,전설적인 걸그룹과 기적의 뉴욕동반여행 [미국 6]
195,민이 여기 나오다니ㅋㅋ,1,3 days ago,전설적인 걸그룹과 기적의 뉴욕동반여행 [미국 6]
196,개가나오다가 고추가나오다가 미쓰에이가 나오고 요가하러 갔지만 영상은 지워진 혼돈의 카오스,0,3 days ago (edited),전설적인 걸그룹과 기적의 뉴욕동반여행 [미국 6]
197,10:45 심지어 진짜사나이임 ㅋㅋ,4,3 days ago,전설적인 걸그룹과 기적의 뉴욕동반여행 [미국 6]
198,가짜사나이 ㅋㅋㅋㅋㅋㅋ,0,3 days ago,전설적인 걸그룹과 기적의 뉴욕동반여행 [미국 6]
199,ㅋㅋㅋㅋㅋㅋㅋㅋㅋㅋㅋ,0,2 days ago,전설적인 걸그룹과 기적의 뉴욕동반여행 [미국 6]
200,ㅋㅋㅋㅋㅋㅋㅋㅋㅋㅋㅋㅋㅋㅋㅋㅋㅋㅋㅋㅋㅋㅋㅋㅋㅋㅋ,0,2 days ago,전설적인 걸그룹과 기적의 뉴욕동반여행 [미국 6]
201,아ㅋㅋㅋㅋㅋ 감삼당🫡,1,2 days ago,전설적인 걸그룹과 기적의 뉴욕동반여행 [미국 6]
202,sunnyside 내 중학교 동내.안간지도 거의 10년이네 이제 ㅋㅋ 반갑다,1,2 days ago,전설적인 걸그룹과 기적의 뉴욕동반여행 [미국 6]
203,누군가 했더니 미쓰에이 민고이 대단한데,0,3 days ago,전설적인 걸그룹과 기적의 뉴욕동반여행 [미국 6]
204,세계여행 부루마불 하면서 걸그룹 치트키 쓰는 민고이,1,3 days ago,전설적인 걸그룹과 기적의 뉴욕동반여행 [미국 6]
205,민고이 인맥 먼데 ㄷㄷ미쓰에이 노래 많이 들었는데,0,3 days ago,전설적인 걸그룹과 기적의 뉴욕동반여행 [미국 6]
206,어떻게 알게 된건지 설명부터 해야짘ㅋㅋㅋㅋㅋ,0,2 days ago,전설적인 걸그룹과 기적의 뉴욕동반여행 [미국 6]
207,민고이 시간여행 고마해라~~~~~~~,0,2 days ago,전설적인 걸그룹과 기적의 뉴욕동반여행 [미국 6]
208,뉴동누 셔츠가 인상적이네요. ㅎ,5,3 days ago,전설적인 걸그룹과 기적의 뉴욕동반여행 [미국 6]
209,민고이 제발.. 키워채널좀...,3,3 days ago,전설적인 걸그룹과 기적의 뉴욕동반여행 [미국 6]
210,민이 누나라는게 더신기하내,1,3 days ago,전설적인 걸그룹과 기적의 뉴욕동반여행 [미국 6]
211,그 미스에이 민이 왜 민고이햄채널에????  뭐 어떻게 알게된건지 감도 안오네ㅋㅋㅋㅋㄱ,12,3 days ago,전설적인 걸그룹과 기적의 뉴욕동반여행 [미국 6]
212,플러싱 살면서 써니사이드 가본지 오래됬네요...그리고 써니사이드 맛집들 많지요..,3,3 days ago (edited),전설적인 걸그룹과 기적의 뉴욕동반여행 [미국 6]
213,와 민이 뉴욕에 있었네요,0,2 days ago,전설적인 걸그룹과 기적의 뉴욕동반여행 [미국 6]
214,자연인 민고이~ㅋ,3,1 day ago,전설적인 걸그룹과 기적의 뉴욕동반여행 [미국 6]
215,10년도 8월 입대할때 들었던 미스에이 배드걸굿걸,1,3 days ago,전설적인 걸그룹과 기적의 뉴욕동반여행 [미국 6]
216,미국영상 좋아요,0,3 days ago,전설적인 걸그룹과 기적의 뉴욕동반여행 [미국 6]
217,Thur's Day가 대마랑 뭔 상관인가 했는데 떨'S 데이 ㅋㅋㅋㅋㅋ한국 드립일줄을 상상도 못했다,1,3 days ago,전설적인 걸그룹과 기적의 뉴욕동반여행 [미국 6]
218,미쓰에이 민 닮았다고생각했는데 진짜였군 ㅎㅎ,1,3 days ago,전설적인 걸그룹과 기적의 뉴욕동반여행 [미국 6]
219,ㅋㅋ 민고이씨 채널에서 미쓰에이를 보게 될줄이야ㄷㄷ,1,2 days ago,전설적인 걸그룹과 기적의 뉴욕동반여행 [미국 6]
220,모야모야 미쓰에이분!!이유는 알려죠야죠!!!!!!️,1,3 days ago,전설적인 걸그룹과 기적의 뉴욕동반여행 [미국 6]
221,나도 민영씨 냉장고가 보고싶다,2,3 days ago,전설적인 걸그룹과 기적의 뉴욕동반여행 [미국 6]
222,그래서 피씨방을 어디로 간거에요?  동영상 찾아도 옶는데..... 11:17,2,6 hours ago,전설적인 걸그룹과 기적의 뉴욕동반여행 [미국 6]
223,민 ㅁㅇ 티셔츠 키포인트 ㅋㅋㅋ,0,2 days ago,전설적인 걸그룹과 기적의 뉴욕동반여행 [미국 6]
224,헐 여기가... 페루다녀왓다가 뉴욕이에요?? 저번주엔 사직구장영상에 있었는뎅...,0,3 days ago,전설적인 걸그룹과 기적의 뉴욕동반여행 [미국 6]
225,민곤이 이 인맥타고 수지 한번 어떻게 안되겠니? 보는 내내 수지 생각만 났다 혹시나 수지 등장할까 ㅎㅎ,2,2 days ago,전설적인 걸그룹과 기적의 뉴욕동반여행 [미국 6]
226,ㅋㅋㅋㅋㅋㅋㅋㅋㅋ아니 그래서 대체 어디신데요 ,0,3 days ago,전설적인 걸그룹과 기적의 뉴욕동반여행 [미국 6]
227,민~  여전히 이쁘당~~~  어찌아는사이고?,1,3 days ago,전설적인 걸그룹과 기적의 뉴욕동반여행 [미국 6]
228,아니 누군지는 소개하면서 어케 친해진건지를 왜 말을 안하냐곸ㅋㅋㅋㅋㅋㅋㅋㅋㅋㅋ,1,2 days ago,전설적인 걸그룹과 기적의 뉴욕동반여행 [미국 6]
229,낯이 익어서 누구지 하고 계속 생각했는데ㅋㅋㅋㅋ미쓰에이 미쳤다,0,3 days ago,전설적인 걸그룹과 기적의 뉴욕동반여행 [미국 6]
230,와~ 오랜만이네진짜,0,2 days ago,전설적인 걸그룹과 기적의 뉴욕동반여행 [미국 6]
231,우와...어케... 나 민씨 팬인데...끼가 넘쳐서 넘 좋아했던...,0,3 days ago,전설적인 걸그룹과 기적의 뉴욕동반여행 [미국 6]
232,민님의 소식을 여기서 와우,1,2 days ago,전설적인 걸그룹과 기적의 뉴욕동반여행 [미국 6]
233,인맥이 뜬금 다양하네요.,1,3 days ago,전설적인 걸그룹과 기적의 뉴욕동반여행 [미국 6]
234,민고이~️얌만,5,3 days ago,전설적인 걸그룹과 기적의 뉴욕동반여행 [미국 6]
235,와 깝민이다️,1,1 day ago,전설적인 걸그룹과 기적의 뉴욕동반여행 [미국 6]
236,대박 미스에이 민,1,3 days ago,전설적인 걸그룹과 기적의 뉴욕동반여행 [미국 6]
237,엥? 진짜 민이네?ㅋㅋㅋㅋㅋㅋㅋ,1,2 days ago,전설적인 걸그룹과 기적의 뉴욕동반여행 [미국 6]
238,닥터 스트레인지 왜보냐 민고이가 더 시공간이동 쩌는데,667,3 days ago (edited),전설적인 걸그룹과 기적의 뉴욕동반여행 [미국 6]
239,ㅋㅋㅋㅋㅋㅋㅋㅋㅋ캬캬턑ㅌㅌㅋㅋㅋㅋ 개 터졌네 ㅋㅋㅋㅋㅋㅋ 미천하지만 따봉하나 드립니다 ㅋㅋㅋㅋㅋㅋ,39,3 days ago,전설적인 걸그룹과 기적의 뉴욕동반여행 [미국 6]
240,고척돔에서 미국으로?? 아니면 부산에서 미국으로….?,20,3 days ago,전설적인 걸그룹과 기적의 뉴욕동반여행 [미국 6]
241,ㅋㅋㅋㅋ 맞습니다,1,3 days ago,전설적인 걸그룹과 기적의 뉴욕동반여행 [미국 6]
242,ㅋㅋㅋㅋㅋㅋㅋ,1,3 days ago,전설적인 걸그룹과 기적의 뉴욕동반여행 [미국 6]
243,ㅋㅋㅋㅋ,1,3 days ago,전설적인 걸그룹과 기적의 뉴욕동반여행 [미국 6]
244,곽튜브  형 결혼식영상에서 어벤져스 다 모였다고 하는장면있는데 ㅎ 민고이가 닥터 스트레인지 였건더거였어 ㅋㅋㅋㅋㅋ,16,3 days ago,전설적인 걸그룹과 기적의 뉴욕동반여행 [미국 6]
245,아씹ㅋㅋㅋㅋㅋㅋㅋ,1,3 days ago,전설적인 걸그룹과 기적의 뉴욕동반여행 [미국 6]
246,수염.. 있었는데 없는 민고이,3,3 days ago,전설적인 걸그룹과 기적의 뉴욕동반여행 [미국 6]
247, 웃음을 준다 ㅋㅋㅋㅋㅋㅋㅋㅋㅋㅋ,1,3 days ago,전설적인 걸그룹과 기적의 뉴욕동반여행 [미국 6]
248,저요?,1,3 days ago,전설적인 걸그룹과 기적의 뉴욕동반여행 [미국 6]
249,뭐야 미쓰에이 민 닮았다고했는데 진짜 본인이었네,1,3 days ago,전설적인 걸그룹과 기적의 뉴욕동반여행 [미국 6]
250,와 민님 오랜만이당,0,2 days ago,전설적인 걸그룹과 기적의 뉴욕동반여행 [미국 6]
251,저 체육관을 어디서 봤더라........최근에 유튜브에서 봤는데.....싶었은데 ㅋㅋㅋㅋㅋ 매형 유튜브에서 봤네요 ㅋㅋㅋ,2,3 days ago,전설적인 걸그룹과 기적의 뉴욕동반여행 [미국 6]
252,아니 어떻게 알게된 겁니까!!,0,3 days ago,전설적인 걸그룹과 기적의 뉴욕동반여행 [미국 6]
253,미쳣다 개재밋다 ;,2,1 day ago,전설적인 걸그룹과 기적의 뉴욕동반여행 [미국 6]
254,민고이가 미국을 좋아하는이유?,1,2 days ago,전설적인 걸그룹과 기적의 뉴욕동반여행 [미국 6]
255,민님 오랜만에 보네용ㅋㅋㅋ,0,2 days ago,전설적인 걸그룹과 기적의 뉴욕동반여행 [미국 6]
256,뉴욕이 최고다,0,2 days ago,전설적인 걸그룹과 기적의 뉴욕동반여행 [미국 6]
257,그러고 보니 민 본명이 민고이 누나랑 이름이 같네. 그래서 쉽게 친해진건가?,1,3 days ago,전설적인 걸그룹과 기적의 뉴욕동반여행 [미국 6]
258,와 대박 ....ㅋㅋㅋㅋ,3,3 days ago,전설적인 걸그룹과 기적의 뉴욕동반여행 [미국 6]
259,티셔츠에 thursday ㅋㅋㅋㅋ 떨'스 데이 이러고 앉았네 ㅋㅋㅋㅋ 한국 티셔츠인가보네요,1,1 day ago,전설적인 걸그룹과 기적의 뉴욕동반여행 [미국 6]
260,썸네일에 미쓰에이 민 이라고 써놨어야죠!!!ㅋ,0,3 days ago,전설적인 걸그룹과 기적의 뉴욕동반여행 [미국 6]
261,와 미스에이 민?!!,6,3 days ago,전설적인 걸그룹과 기적의 뉴욕동반여행 [미국 6]
262,마리화나 티셔츠 입고 있네요~~좋아하는 기호식품인듯 ㅎㅎㅋ,0,2 days ago,전설적인 걸그룹과 기적의 뉴욕동반여행 [미국 6]
263,아니 미쓰에이 민이 여기 왜나오ㅓ?????,2,3 days ago,전설적인 걸그룹과 기적의 뉴욕동반여행 [미국 6]
264,인맥 수준이 하이원 클라쓰자너요??,0,3 days ago,전설적인 걸그룹과 기적의 뉴욕동반여행 [미국 6]
265,ㄷㄷ 민고이 인급동 ㅊㅋ,0,2 days ago,전설적인 걸그룹과 기적의 뉴욕동반여행 [미국 6]
266,대박 같은 민씨네!!!!,1,3 days ago,전설적인 걸그룹과 기적의 뉴욕동반여행 [미국 6]
267,잰잰님이  질투가나겠답ㅎㅎ,0,3 days ago,전설적인 걸그룹과 기적의 뉴욕동반여행 [미국 6]
268,우와 민님 반갑네요,1,3 days ago,전설적인 걸그룹과 기적의 뉴욕동반여행 [미국 6]
269,드디어 ㅋㅋㅋㅋㅋㅋㅋㅋㅋㅋㅋㅋㅋ,2,3 days ago,전설적인 걸그룹과 기적의 뉴욕동반여행 [미국 6]
270,민고이 입식이랑 타격을 동시에 배우네;; 까불면안되겠다,1,2 days ago,전설적인 걸그룹과 기적의 뉴욕동반여행 [미국 6]
271,미쓰에이정도면 인당 50억정도 벌었으려나 장난아니네,1,3 days ago,전설적인 걸그룹과 기적의 뉴욕동반여행 [미국 6]
272,잰잰바리 오열ㅠㅠ,0,3 days ago,전설적인 걸그룹과 기적의 뉴욕동반여행 [미국 6]
273,반갑네요 미쓰에어^^,1,3 days ago,전설적인 걸그룹과 기적의 뉴욕동반여행 [미국 6]
274,그의 시공간은 한계가 있을까...?,1,3 days ago,전설적인 걸그룹과 기적의 뉴욕동반여행 [미국 6]
275,와~~~~~~대박,1,3 days ago,전설적인 걸그룹과 기적의 뉴욕동반여행 [미국 6]
276,미스에이 민이요?????????? 겉으론밷걸속으론굳걸 그 미스에이?그나저나 아직도 미국이야,6,3 days ago,전설적인 걸그룹과 기적의 뉴욕동반여행 [미국 6]
277,등짝에 마리화나 쩐다,2,3 days ago,전설적인 걸그룹과 기적의 뉴욕동반여행 [미국 6]
278,와우!!!!!! 미쓰에이 민님이!!,1,2 days ago,전설적인 걸그룹과 기적의 뉴욕동반여행 [미국 6]
279,인맥보소,0,3 days ago,전설적인 걸그룹과 기적의 뉴욕동반여행 [미국 6]
280,전 수지보다 민 더 좋아했습니다!!그 음악를 틀러줘여 dj ~이거 꼭 민 이 봐줬으면(제가 아제여서 조심스럽게 반말했어요! ),1,2 days ago,전설적인 걸그룹과 기적의 뉴욕동반여행 [미국 6]
281,아따 다음편엔 예고없이 윤석렬이 나오겠네,2,3 days ago,전설적인 걸그룹과 기적의 뉴욕동반여행 [미국 6]
282,어떻게 친한거지,5,3 days ago,전설적인 걸그룹과 기적의 뉴욕동반여행 [미국 6]
283,오우 민이라니!!!!!,0,2 days ago,전설적인 걸그룹과 기적의 뉴욕동반여행 [미국 6]
284,미안하데이 그녀를 뉴동누로둔당신이 행님이데이 근데 제발 현실로 언제까지 과거에사로잡혀 있을거야,0,2 days ago,전설적인 걸그룹과 기적의 뉴욕동반여행 [미국 6]
285,와 영상 다볼때까지 미스에이인줄 몰랐네 ㅋ;;;;,1,2 days ago,전설적인 걸그룹과 기적의 뉴욕동반여행 [미국 6]
286,군대사나이 가짜사나이 ㅋㅋㅋㅋㅋㅋ 다 틀렸잖아욬ㅋㅋㅋㅋㅋㅋㅋ,1,1 day ago,전설적인 걸그룹과 기적의 뉴욕동반여행 [미국 6]
287,어떻게 친해졌는지 댓글좀 적어주세영,0,2 days ago,전설적인 걸그룹과 기적의 뉴욕동반여행 [미국 6]
288,공간과 시간에  마술사  닥터 민고이야만,0,3 days ago,전설적인 걸그룹과 기적의 뉴욕동반여행 [미국 6]
289,민고이 난 너의 주짓수하는 모습이 보고 싶었던게 아니야 민님 주짓주 하는걸 보고 싶었던거야,0,3 days ago,전설적인 걸그룹과 기적의 뉴욕동반여행 [미국 6]
290,민이...왜...............여기서 나와.............?,0,3 days ago,전설적인 걸그룹과 기적의 뉴욕동반여행 [미국 6]
291,오 ~~  민고이,0,3 days ago,전설적인 걸그룹과 기적의 뉴욕동반여행 [미국 6]
292,와 미쓰에이 민 이다 ㅋㅋ,2,3 days ago,전설적인 걸그룹과 기적의 뉴욕동반여행 [미국 6]
293,곽 잰잰 야만 동시에 올라 왔네,4,3 days ago,전설적인 걸그룹과 기적의 뉴욕동반여행 [미국 6]
294,민 동네 꼬꼬마 같이 생겼다 ㅋㅋ,0,2 days ago,전설적인 걸그룹과 기적의 뉴욕동반여행 [미국 6]
295,6:40 푸른옷소매 너무 좋아여,3,3 days ago,전설적인 걸그룹과 기적의 뉴욕동반여행 [미국 6]
296,민이님 등에 마리화나 ㅋㅋ,1,2 days ago,전설적인 걸그룹과 기적의 뉴욕동반여행 [미국 6]
297,재연이 냅두고 바람피는 민고이,0,3 days ago,전설적인 걸그룹과 기적의 뉴욕동반여행 [미국 6]
298,와 미쓰에이! 뭐야?!,1,3 days ago,전설적인 걸그룹과 기적의 뉴욕동반여행 [미국 6]
299,민 ㅠ ㅠ 아따맘마가 되어부렸네,0,20 hours ago,전설적인 걸그룹과 기적의 뉴욕동반여행 [미국 6]
300,민고이햄 ㅋㅋㅋ 갑자기 미국 영상 뭡니까,3,3 days ago,전설적인 걸그룹과 기적의 뉴욕동반여행 [미국 6]
301,와 미쓰에이 민님,0,2 days ago,전설적인 걸그룹과 기적의 뉴욕동반여행 [미국 6]
302,사직에서 뉴욕으로 ㅋㅋㅋ,1,3 days ago (edited),전설적인 걸그룹과 기적의 뉴욕동반여행 [미국 6]
303,과거회귀 ㄷㄷ,2,3 days ago,전설적인 걸그룹과 기적의 뉴욕동반여행 [미국 6]
304,형님 영상 ㄷㄷㄷ 야만,1,1 day ago,전설적인 걸그룹과 기적의 뉴욕동반여행 [미국 6]
305,야만쿤... 부럽읍니다.,0,2 days ago,전설적인 걸그룹과 기적의 뉴욕동반여행 [미국 6]
306,프사보고 깜짝 놀랐네용 오옹,1,3 days ago,전설적인 걸그룹과 기적의 뉴욕동반여행 [미국 6]
307,미쓰에이 민???게다가 뉴동누라고???,4,3 days ago,전설적인 걸그룹과 기적의 뉴욕동반여행 [미국 6]
308,,0,2 days ago,전설적인 걸그룹과 기적의 뉴욕동반여행 [미국 6]
309,민고이햄 하트 한번 눌러주이소,1,3 days ago,전설적인 걸그룹과 기적의 뉴욕동반여행 [미국 6]
310,와 진짜 오랜만이다송민호랑 좀 닮았네 근데 ㅋㅋㅋ...,0,3 days ago,전설적인 걸그룹과 기적의 뉴욕동반여행 [미국 6]
311,닮은신분이 아니고 본인 이시네요!!!!!!!!  @.@  얌만~,0,3 days ago,전설적인 걸그룹과 기적의 뉴욕동반여행 [미국 6]
312,??? : 임마는 유튜브를 지맘대로 한다니까,4,3 days ago,전설적인 걸그룹과 기적의 뉴욕동반여행 [미국 6]
313,죄송하고 반갑지만~ 곽튜브님이 지랄하는 이유를 오늘로 증명함 ㅋㅋㅋㅋ 민고이 제발~~,2,3 days ago,전설적인 걸그룹과 기적의 뉴욕동반여행 [미국 6]
314,이건 못 참 쥐~~~,1,3 days ago,전설적인 걸그룹과 기적의 뉴욕동반여행 [미국 6]
315,수지 생각나게 하는 민,1,3 days ago,전설적인 걸그룹과 기적의 뉴욕동반여행 [미국 6]
316,난 민을 젤 좋아했어 수지보다,1,21 hours ago,전설적인 걸그룹과 기적의 뉴욕동반여행 [미국 6]
317,걸그룹 치트키 쓰는 민고이,2,3 days ago,전설적인 걸그룹과 기적의 뉴욕동반여행 [미국 6]
318,진심 지금 어디있으신거에요?,3,3 days ago,전설적인 걸그룹과 기적의 뉴욕동반여행 [미국 6]
319,민고이는 뉴욕만 오면 재밌어지노. 이쯤되면 곽캄패니 뉴욕 주재원으로 안보내주나,3,1 day ago,전설적인 걸그룹과 기적의 뉴욕동반여행 [미국 6]
320,와우,1,3 days ago (edited),전설적인 걸그룹과 기적의 뉴욕동반여행 [미국 6]
321,곽 : 민고이 어떻게 아는사이고,0,2 days ago,전설적인 걸그룹과 기적의 뉴욕동반여행 [미국 6]
322,민고이 머리 귀엽네,2,3 days ago,전설적인 걸그룹과 기적의 뉴욕동반여행 [미국 6]
323,허거걱 민????????미스에이???????,1,2 days ago,전설적인 걸그룹과 기적의 뉴욕동반여행 [미국 6]
324,"민, 털털해서 좋다",1,3 days ago,전설적인 걸그룹과 기적의 뉴욕동반여행 [미국 6]
325,분명 치트키인데.. 치트키 같지가 않아...ㅋㅋㅋ,1,3 days ago (edited),전설적인 걸그룹과 기적의 뉴욕동반여행 [미국 6]
326,민..민..!!,3,3 days ago,전설적인 걸그룹과 기적의 뉴욕동반여행 [미국 6]
327,민 정말 평범해졌네.,0,2 days ago,전설적인 걸그룹과 기적의 뉴욕동반여행 [미국 6]
328,빽튜더 퓨고이,2,3 days ago,전설적인 걸그룹과 기적의 뉴욕동반여행 [미국 6]
329,에???? 썸네일보고 뛰어들어온 1인 내가 알던 민고이와 멀어진 기분,0,3 days ago,전설적인 걸그룹과 기적의 뉴욕동반여행 [미국 6]
330,와 미쓰에이???,1,3 days ago,전설적인 걸그룹과 기적의 뉴욕동반여행 [미국 6]
331,고추 자랑하라고 자랑해주는 착한민곤이~기요븡♡,1,3 days ago,전설적인 걸그룹과 기적의 뉴욕동반여행 [미국 6]
332,와 말안해줬으면 몰랐다...,0,3 days ago,전설적인 걸그룹과 기적의 뉴욕동반여행 [미국 6]
333,영상업로드 몇년째 이러는거야ㅋㅋㅋ,0,3 days ago,전설적인 걸그룹과 기적의 뉴욕동반여행 [미국 6]
334,니진짜 미스에이 민 닮은사람인줄알고 댓글달라햇는데 와,3,3 days ago,전설적인 걸그룹과 기적의 뉴욕동반여행 [미국 6]
335,현재 민고이님은 어디신가요,2,10 hours ago,전설적인 걸그룹과 기적의 뉴욕동반여행 [미국 6]
336,민고이 바람피고 그라믄 안된다,1,3 days ago,전설적인 걸그룹과 기적의 뉴욕동반여행 [미국 6]
337,강아지 무슨종인지 아시는분?,1,3 days ago,전설적인 걸그룹과 기적의 뉴욕동반여행 [미국 6]
338,리트리버 였던가..?,0,2 days ago,전설적인 걸그룹과 기적의 뉴욕동반여행 [미국 6]
339,헐 걸그룹과,2,3 days ago (edited),전설적인 걸그룹과 기적의 뉴욕동반여행 [미국 6]
340,와!!,2,3 days ago,전설적인 걸그룹과 기적의 뉴욕동반여행 [미국 6]
341,일반인 아니냐곸ㅋㅋㅋㅋㅋㅋㅋ,4,20 hours ago,전설적인 걸그룹과 기적의 뉴욕동반여행 [미국 6]
342,민 유투브 하라고좀…ㅋㅋ,0,2 days ago,전설적인 걸그룹과 기적의 뉴욕동반여행 [미국 6]
343,떨스데이 티셔츸ㅋㅋㅋㅋㅋㅋ털털하십니다아주,0,3 days ago,전설적인 걸그룹과 기적의 뉴욕동반여행 [미국 6]
344,아니 형 너무 빨리 영상을 끝내는데? 뒷풀이 좀 더 보여주고 하자,0,3 days ago,전설적인 걸그룹과 기적의 뉴욕동반여행 [미국 6]
345,어떻게 알게 됐는지는 안 알려주네 ㅋ,1,3 days ago,전설적인 걸그룹과 기적의 뉴욕동반여행 [미국 6]
346,민님 티셔츠가 대마초?,4,3 days ago,전설적인 걸그룹과 기적의 뉴욕동반여행 [미국 6]
347,곽이 대노할일이네,0,3 days ago,전설적인 걸그룹과 기적의 뉴욕동반여행 [미국 6]
348,갑자기미국으로타임워프를,1,3 days ago,전설적인 걸그룹과 기적의 뉴욕동반여행 [미국 6]
349,헨리가 아빠 만난거같은데...,5,3 days ago,전설적인 걸그룹과 기적의 뉴욕동반여행 [미국 6]
350,오빠 왜 자꾸 여자랑 다니지?? 더이상 실망시키지 마.,2,3 days ago,전설적인 걸그룹과 기적의 뉴욕동반여행 [미국 6]
351,서신애닮았네...,1,20 hours ago,전설적인 걸그룹과 기적의 뉴욕동반여행 [미국 6]
352,싸뢍해요 누놔.. 저랑 왕돈카츄 같이 머거용~,1,3 days ago (edited),전설적인 걸그룹과 기적의 뉴욕동반여행 [미국 6]
353,미스에이 ? 헐~~,4,3 days ago,전설적인 걸그룹과 기적의 뉴욕동반여행 [미국 6]
354,누나라는게...ㅋㅋ,0,2 days ago,전설적인 걸그룹과 기적의 뉴욕동반여행 [미국 6]
355,요가 촬영 안되는게 맞는듯. 다른 회원들이 많으니,1,3 days ago,전설적인 걸그룹과 기적의 뉴욕동반여행 [미국 6]
356,'민'고이,1,3 days ago,전설적인 걸그룹과 기적의 뉴욕동반여행 [미국 6]
357,"미쓰에이 민님 420 티셔츠 선택은 좀 🫠 그냥 의식하지 않고 편하게 입으셧거나 혹시 뜻을 모르고 잇으셧을수도 잇겟지용? 물론 미국 뉴욕은 ㄷㅁㅊ가 합법이라지만, 민고이님 채널 구독자나 시청하는분들이 아직 한국거주자분들이 대부분이니 노파심에 댓글 달아봅니다...  민님은 늙지를 않고 여전히 귀여우시내요! ",0,2 days ago (edited),전설적인 걸그룹과 기적의 뉴욕동반여행 [미국 6]
358,선물받은 티셔츠고 그냥 운동갈때 편하게 입는 거라고 하더라구요ㅎㅎ,1,2 days ago,전설적인 걸그룹과 기적의 뉴욕동반여행 [미국 6]
359,에?? 갑분 미쓰에이 라니??,0,3 days ago,전설적인 걸그룹과 기적의 뉴욕동반여행 [미국 6]
360,7불은 9천원입니다!,0,2 days ago,전설적인 걸그룹과 기적의 뉴욕동반여행 [미국 6]
361,어째 낯이 익더라니 헐,0,3 days ago,전설적인 걸그룹과 기적의 뉴욕동반여행 [미국 6]
362,잼잼바뤼 질투하는거 으닐까요,0,3 days ago,전설적인 걸그룹과 기적의 뉴욕동반여행 [미국 6]
363,바이올린곡 그린슬리브즈네요,0,2 days ago,전설적인 걸그룹과 기적의 뉴욕동반여행 [미국 6]
364,마리화나 티셔츠ㅎ,0,3 days ago,전설적인 걸그룹과 기적의 뉴욕동반여행 [미국 6]
365,이건 뭐...제일 궁금한 정보를 빼고 편집을;;,0,2 days ago,전설적인 걸그룹과 기적의 뉴욕동반여행 [미국 6]
366,그 미스에이 민 아니죠??,0,2 days ago,전설적인 걸그룹과 기적의 뉴욕동반여행 [미국 6]
367,11:00 진짜사나이요 ㅋㅋㅋㅋㅋㅋㅋㅋ 다 틀리심,2,3 days ago,전설적인 걸그룹과 기적의 뉴욕동반여행 [미국 6]
368,ㅋㄹㅋㅋㅋㅋㅋㅋㅋ,0,2 days ago,전설적인 걸그룹과 기적의 뉴욕동반여행 [미국 6]
369,타임워프하시나요?페루 한국 미국,2,3 days ago,전설적인 걸그룹과 기적의 뉴욕동반여행 [미국 6]
370,대체 지금 어디시죠??,1,3 days ago,전설적인 걸그룹과 기적의 뉴욕동반여행 [미국 6]
371,아니... 이게 뭐야... ???? 뭐지...,0,3 days ago,전설적인 걸그룹과 기적의 뉴욕동반여행 [미국 6]
372,뉴욕에서 이두나 찍고있었네.. 그저  지상최악의..,1,3 days ago,전설적인 걸그룹과 기적의 뉴욕동반여행 [미국 6]
373,미쓰에이 민이 왜나오노?  이러다 수지 도나오고  혜리도 나오고 ㅎ,0,3 days ago,전설적인 걸그룹과 기적의 뉴욕동반여행 [미국 6]
374,헐 이두나다,0,3 days ago,전설적인 걸그룹과 기적의 뉴욕동반여행 [미국 6]
375,의외!!!,0,3 days ago,전설적인 걸그룹과 기적의 뉴욕동반여행 [미국 6]
376,기사까지 났네,0,2 days ago,전설적인 걸그룹과 기적의 뉴욕동반여행 [미국 6]
377,쥬 돈 노미~ 쥬 돈 노미~ 쥬 돈 노미~ 쥬 돈 노미~,0,3 days ago,전설적인 걸그룹과 기적의 뉴욕동반여행 [미국 6]
378,대마셔츠보소 ㅋㅋㅋ,1,1 day ago,전설적인 걸그룹과 기적의 뉴욕동반여행 [미국 6]
379,또 미국이야?,0,3 days ago,전설적인 걸그룹과 기적의 뉴욕동반여행 [미국 6]
380,어케 알게 되신거임?,1,1 day ago,전설적인 걸그룹과 기적의 뉴욕동반여행 [미국 6]
381,지멋대로 올리누 ㅌ,3,3 days ago,전설적인 걸그룹과 기적의 뉴욕동반여행 [미국 6]
382,엄청 어려보이는데 누나?,1,3 days ago,전설적인 걸그룹과 기적의 뉴욕동반여행 [미국 6]
383,민고니 발 넓다!!,0,3 days ago,전설적인 걸그룹과 기적의 뉴욕동반여행 [미국 6]
384,걸그룹인데 왜이렇게 털털해,2,23 hours ago,전설적인 걸그룹과 기적의 뉴욕동반여행 [미국 6]
385,재연이는 어쩌고,2,2 days ago,전설적인 걸그룹과 기적의 뉴욕동반여행 [미국 6]
386,민님 티셔츠 대마에여??.,1,3 days ago,전설적인 걸그룹과 기적의 뉴욕동반여행 [미국 6]
387,? 갑자기 왜 미국이누,0,3 days ago,전설적인 걸그룹과 기적의 뉴욕동반여행 [미국 6]
388,티샤스가 대마초 티샤슨가요?ㅋㅋㅋ,0,2 days ago,전설적인 걸그룹과 기적의 뉴욕동반여행 [미국 6]
389,It is ,0,2 days ago,전설적인 걸그룹과 기적의 뉴욕동반여행 [미국 6]
390,2023.11.20 20:27,0,3 days ago,전설적인 걸그룹과 기적의 뉴욕동반여행 [미국 6]
391,miss a 멤버였어??,0,3 days ago,전설적인 걸그룹과 기적의 뉴욕동반여행 [미국 6]
392,miss A,2,1 day ago,전설적인 걸그룹과 기적의 뉴욕동반여행 [미국 6]
393,너땜에 자꾸만 내 가슴이 하앍하앍하앍,1,3 days ago,전설적인 걸그룹과 기적의 뉴욕동반여행 [미국 6]
394,누나 옷이 좀 ㅠㅠ마리화나 날 420에 뒤는 마리화나 그림이 있네요여기서 한국 사람 입은 거 처음 보네요,1,3 days ago,전설적인 걸그룹과 기적의 뉴욕동반여행 [미국 6]
395,왜그런거죠?,0,3 days ago,전설적인 걸그룹과 기적의 뉴욕동반여행 [미국 6]
396,12:20 혹시 뭐라고하는지 아시는분 ??,0,3 days ago,전설적인 걸그룹과 기적의 뉴욕동반여행 [미국 6]
397,반가워 민~ 이라고 하네요!,0,2 days ago,전설적인 걸그룹과 기적의 뉴욕동반여행 [미국 6]
398,어떻게...? 너무 갑자기??? 뜬금없는데??,0,3 days ago,전설적인 걸그룹과 기적의 뉴욕동반여행 [미국 6]
399,잰잰님이 이 영상을 싫어합니다.,0,3 days ago,전설적인 걸그룹과 기적의 뉴욕동반여행 [미국 6]
400,잰잰바리 버려??,2,3 days ago,전설적인 걸그룹과 기적의 뉴욕동반여행 [미국 6]
401,어어?,1,3 days ago,전설적인 걸그룹과 기적의 뉴욕동반여행 [미국 6]
402,누나가 대마초 좋아한나 봐요,1,22 hours ago,전설적인 걸그룹과 기적의 뉴욕동반여행 [미국 6]
403,민고이 고추 귀엽네~,0,2 days ago,전설적인 걸그룹과 기적의 뉴욕동반여행 [미국 6]
404,누나 맞냐?,1,3 days ago,전설적인 걸그룹과 기적의 뉴욕동반여행 [미국 6]
405,출산드라 ~,0,3 days ago,전설적인 걸그룹과 기적의 뉴욕동반여행 [미국 6]
406,420....,1,2 days ago,전설적인 걸그룹과 기적의 뉴욕동반여행 [미국 6]
407,1등!,1,3 days ago,전설적인 걸그룹과 기적의 뉴욕동반여행 [미국 6]
408,1등!!!,1,2 days ago,전설적인 걸그룹과 기적의 뉴욕동반여행 [미국 6]
409,420,1,22 hours ago,전설적인 걸그룹과 기적의 뉴욕동반여행 [미국 6]
410,그분이 싫어할 것 같은?,0,2 days ago (edited),전설적인 걸그룹과 기적의 뉴욕동반여행 [미국 6]
411,아....,1,3 days ago,전설적인 걸그룹과 기적의 뉴욕동반여행 [미국 6]
412,등에 마리화나 그림이 엄청크게....ㅎ,1,2 days ago,전설적인 걸그룹과 기적의 뉴욕동반여행 [미국 6]
